Fecha,Hora,Topic,Product_Group,ID_Agent,Agent_Group,Country,Priority,Source
2025-03-08,16:13:03,3,1,6,2,Chile,1,2
2025-09-04,14:54:10,4,2,3,1,Ecuador,1,1
2025-05-11,15:27:35,5,2,2,2,Chile,1,1
2025-02-22,11:19:57,1,2,7,2,Ecuador,3,2
2025-11-03,11:58:43,1,1,4,2,Chile,1,3
2025-05-28,18:20:14,3,2,8,2,Peru,3,2
2025-03-01,08:55:05,1,3,7,2,Ecuador,2,1
2025-12-27,09:48:22,1,3,1,2,Chile,1,3
2025-06-19,02:27:46,3,3,9,1,Peru,2,1
2025-03-28,08:07:15,5,1,9,1,Brasil,2,2
2025-08-18,08:51:54,4,4,1,2,Argentina,2,1
2025-06-16,20:26:36,2,4,4,1,Argentina,2,2
2025-05-21,05:03:01,5,4,6,1,Argentina,1,2
2025-09-12,23:31:03,2,1,10,1,Ecuador,3,2
2025-01-21,07:11:13,4,4,9,1,Chile,2,1
2025-10-07,21:15:01,1,3,8,2,Venezuela,1,3
2025-03-30,23:57:12,3,4,7,2,Brasil,3,1
2025-12-09,13:08:07,5,3,2,2,Peru,2,3
2025-08-20,21:23:24,3,3,1,2,Brasil,2,3
2025-09-14,00:51:37,2,2,10,2,Venezuela,3,1
2025-12-01,23:54:04,2,2,6,1,Brasil,3,1
2025-04-25,05:43:30,2,3,3,2,Argentina,1,1
2025-06-03,06:12:45,1,4,6,2,Argentina,1,1
2025-06-05,07:11:54,3,4,9,2,Argentina,1,2
2025-05-24,20:57:53,5,3,6,1,Argentina,3,2
2025-04-21,16:27:18,1,2,6,2,Chile,1,1
2025-11-22,16:58:06,2,2,6,1,Peru,3,1
2025-05-17,19:07:20,3,4,3,1,Argentina,3,2
2025-08-22,03:27:23,3,1,2,2,Peru,1,1
2025-05-06,13:26:52,4,1,8,2,Brasil,2,3
2025-11-03,10:55:42,3,4,5,2,Venezuela,3,2
2025-09-24,12:11:13,1,2,6,2,Chile,2,3
2025-03-02,09:49:56,1,4,1,1,Ecuador,3,3
2025-05-27,13:44:48,1,4,6,1,Ecuador,1,2
2025-04-09,09:49:10,1,1,9,2,Peru,1,3
2025-05-28,20:45:37,4,4,2,2,Brasil,1,2
2025-09-12,05:06:38,1,4,7,2,Peru,2,3
2025-09-20,08:49:03,2,1,3,2,Argentina,1,1
2025-05-31,18:15:40,2,2,3,1,Venezuela,1,2
2025-05-19,00:29:29,1,2,10,2,Peru,2,3
2025-09-20,11:35:06,3,4,7,2,Chile,1,1
2025-07-08,14:31:45,2,1,7,2,Peru,3,2
2025-06-24,09:16:47,5,3,7,2,Argentina,1,3
2025-02-11,14:05:49,5,3,9,2,Brasil,1,1
2025-01-31,04:45:56,3,3,3,1,Brasil,3,2
2025-05-25,06:20:52,3,2,3,2,Argentina,2,1
2025-10-21,23:59:55,3,3,3,1,Ecuador,2,2
2025-09-10,14:19:06,2,3,3,1,Chile,1,1
2025-08-09,13:19:48,4,2,8,2,Argentina,1,2
2025-07-19,22:42:59,1,1,2,2,Ecuador,2,2
2025-01-04,17:19:21,4,2,5,1,Brasil,1,1
2025-09-27,10:48:47,2,4,5,2,Peru,2,1
2025-11-18,19:22:34,2,4,8,2,Argentina,2,2
2025-03-18,22:50:40,5,3,3,1,Chile,3,3
2025-04-02,03:34:01,4,4,2,2,Brasil,3,1
2025-08-06,13:14:03,1,1,10,1,Peru,1,1
2025-03-06,01:19:43,1,2,3,2,Peru,3,2
2025-12-30,07:50:40,2,1,5,1,Chile,3,3
2025-02-14,09:05:07,4,1,3,2,Chile,1,2
2025-07-05,01:21:03,1,3,2,2,Ecuador,2,3
2025-12-30,00:04:26,1,4,5,2,Argentina,3,1
2025-01-21,01:43:58,5,1,8,2,Peru,1,1
2025-11-21,02:22:42,1,3,3,2,Chile,2,3
2025-01-29,22:26:26,2,1,10,1,Chile,1,2
2025-03-05,07:59:47,5,1,9,2,Brasil,1,2
2025-05-02,03:07:23,4,2,4,2,Peru,1,3
2025-08-22,22:02:07,2,1,6,1,Brasil,3,1
2025-11-16,17:56:58,3,4,4,2,Venezuela,1,2
2025-10-15,01:24:41,5,1,2,2,Peru,3,3
2025-04-01,17:49:02,5,3,10,2,Peru,1,2
2025-02-14,12:41:41,3,1,2,1,Venezuela,3,3
2025-01-06,06:57:23,1,3,2,2,Venezuela,2,1
2025-11-06,20:29:21,2,2,5,2,Peru,2,2
2025-03-20,17:36:27,4,2,10,2,Ecuador,2,1
2025-12-21,15:59:02,3,1,3,1,Venezuela,2,2
2025-09-28,19:29:48,3,2,3,1,Argentina,2,1
2025-10-07,22:43:32,1,3,4,1,Argentina,1,3
2025-09-16,09:23:44,3,4,10,1,Chile,2,2
2025-05-27,05:05:28,5,2,1,1,Brasil,3,1
2025-05-21,00:33:21,3,2,1,2,Ecuador,3,3
2025-06-27,18:57:08,4,1,1,1,Brasil,3,3
2025-01-28,08:55:20,5,1,4,2,Chile,1,2
2025-12-25,06:05:17,1,2,9,2,Brasil,3,1
2025-08-02,21:48:28,5,1,9,2,Brasil,2,3
2025-03-20,22:57:35,3,1,5,2,Peru,3,3
2025-05-02,01:57:01,3,2,5,2,Brasil,2,3
2025-12-29,04:08:20,4,2,5,1,Argentina,1,3
2025-06-10,18:56:40,3,2,9,2,Ecuador,1,1
2025-04-16,10:02:13,4,2,3,2,Chile,1,3
2025-09-23,19:37:50,3,4,1,1,Venezuela,3,1
2025-02-23,14:45:15,2,4,3,2,Peru,1,2
2025-06-26,02:25:02,1,2,7,2,Ecuador,3,1
2025-08-11,03:05:13,1,1,8,1,Brasil,3,2
2025-07-16,08:31:38,3,3,6,2,Ecuador,1,1
2025-11-22,03:06:13,1,4,9,1,Brasil,1,2
2025-05-06,03:08:45,4,2,3,1,Ecuador,1,2
2025-09-27,12:59:49,5,4,7,2,Ecuador,1,2
2025-09-21,12:52:00,1,1,7,1,Brasil,1,3
2025-11-25,11:11:18,5,4,6,2,Brasil,3,3
2025-02-24,09:01:11,4,3,6,1,Peru,3,1
2025-09-09,11:27:01,2,1,2,1,Venezuela,1,3
2025-04-09,14:49:57,5,2,2,2,Argentina,1,2
2025-08-14,16:40:40,4,1,5,1,Brasil,2,3
2025-06-02,18:28:14,4,1,6,1,Peru,2,2
2025-03-21,19:47:25,2,3,5,1,Venezuela,1,1
2025-03-22,11:15:53,2,2,10,2,Ecuador,2,1
2025-12-01,11:04:32,1,2,1,2,Ecuador,1,1
2025-12-01,05:29:24,5,2,3,2,Venezuela,2,3
2025-06-19,09:47:04,3,1,5,1,Chile,1,1
2025-12-13,17:52:23,5,1,7,1,Ecuador,1,3
2025-11-08,23:39:03,3,2,3,1,Brasil,1,2
2025-12-09,05:55:47,3,4,5,1,Brasil,2,1
2025-06-29,15:27:07,5,3,2,2,Brasil,1,2
2025-12-29,11:47:10,3,3,6,2,Chile,2,3
2025-03-22,06:56:11,2,1,4,2,Argentina,2,1
2025-11-24,15:11:22,4,1,4,1,Brasil,1,2
2025-11-07,01:33:48,4,3,3,1,Venezuela,2,3
2025-07-02,05:36:14,1,3,3,2,Ecuador,3,2
2025-08-24,01:44:05,2,3,4,2,Argentina,1,1
2025-04-09,01:44:50,2,4,2,2,Chile,1,2
2025-12-23,01:14:47,2,2,5,1,Peru,1,2
2025-08-15,22:52:50,2,4,10,1,Peru,2,2
2025-12-12,02:36:46,1,3,10,2,Venezuela,1,1
2025-12-09,11:30:22,3,2,7,2,Chile,2,2
2025-07-22,10:42:42,2,1,4,1,Peru,3,2
2025-10-21,11:18:35,1,4,2,1,Brasil,2,3
2025-01-10,10:53:17,1,1,10,2,Argentina,1,2
2025-05-24,05:36:02,5,3,7,2,Argentina,1,1
2025-04-16,16:02:36,1,4,1,2,Chile,1,2
2025-04-06,10:45:58,4,2,9,1,Ecuador,3,3
2025-11-12,05:08:32,4,3,2,1,Peru,1,1
2025-07-27,08:13:39,1,2,5,1,Venezuela,3,3
2025-09-28,13:40:23,3,4,4,1,Chile,1,2
2025-12-05,01:09:38,3,2,8,2,Brasil,1,2
2025-09-28,03:42:15,3,4,5,2,Brasil,3,2
2025-02-28,09:04:11,1,4,7,1,Argentina,1,3
2025-04-09,20:45:26,3,1,9,2,Brasil,1,1
2025-06-30,19:26:04,5,3,5,2,Argentina,1,3
2025-02-11,08:02:39,2,4,3,2,Ecuador,2,3
2025-10-30,06:19:22,1,3,6,1,Chile,1,2
2025-07-21,22:49:34,3,2,2,2,Brasil,2,2
2025-07-01,20:53:56,3,2,10,2,Peru,1,3
2025-05-11,06:17:47,4,1,10,1,Venezuela,3,2
2025-09-15,13:34:03,4,4,5,2,Argentina,3,2
2025-03-16,04:40:25,3,1,8,1,Peru,1,1
2025-02-08,11:23:22,2,2,2,1,Brasil,3,1
2025-08-28,02:20:15,5,3,2,2,Ecuador,3,1
2025-06-22,11:44:01,1,3,2,1,Chile,1,1
2025-01-17,01:54:11,2,2,5,2,Chile,2,2
2025-06-17,18:13:19,5,1,10,2,Ecuador,1,3
2025-02-17,15:26:21,4,3,5,1,Ecuador,3,1
2025-08-12,19:37:25,5,1,7,1,Ecuador,1,1
2025-09-03,06:43:04,5,2,5,2,Chile,1,1
2025-05-31,04:22:54,5,1,6,2,Peru,1,1
2025-05-03,01:57:36,2,1,3,1,Brasil,2,3
2025-02-16,15:05:23,5,2,3,1,Argentina,1,2
2025-07-22,12:39:03,2,1,5,1,Ecuador,1,3
2025-02-02,01:33:40,5,4,2,1,Argentina,1,2
2025-09-06,20:10:40,5,4,5,2,Peru,2,2
2025-11-04,02:21:58,3,2,2,1,Peru,1,1
2025-07-31,22:45:53,5,1,8,1,Peru,2,2
2025-09-30,05:15:49,5,3,3,1,Ecuador,3,2
2025-05-05,18:53:29,3,4,4,1,Chile,1,1
2025-04-05,13:44:47,5,3,1,1,Venezuela,2,1
2025-08-04,07:04:20,1,4,9,2,Ecuador,1,1
2025-01-27,22:31:54,1,2,6,2,Ecuador,3,1
2025-05-15,05:54:49,4,3,8,1,Argentina,3,3
2025-04-07,00:54:30,4,4,3,2,Argentina,2,2
2025-05-20,20:19:04,1,1,7,2,Peru,2,2
2025-05-30,09:45:32,1,3,6,2,Brasil,3,3
2025-06-21,18:30:11,2,3,7,2,Chile,3,3
2025-09-15,18:55:17,5,1,9,2,Chile,1,3
2025-03-16,02:22:54,1,3,6,2,Venezuela,2,3
2025-06-19,19:07:30,2,3,7,1,Argentina,1,1
2025-06-07,18:14:52,1,3,8,1,Argentina,1,1
2025-02-14,12:35:54,2,1,8,2,Argentina,3,3
2025-08-29,19:17:19,4,4,10,1,Chile,3,1
2025-03-17,20:08:17,5,3,10,2,Peru,3,3
2025-01-07,23:56:56,4,1,8,2,Chile,1,3
2025-06-12,06:43:31,2,1,7,2,Ecuador,2,2
2025-04-18,07:11:21,3,3,10,1,Chile,1,3
2025-05-03,00:27:49,4,4,4,2,Peru,2,3
2025-01-08,23:28:36,4,4,8,2,Ecuador,1,3
2025-05-15,07:31:40,3,4,7,2,Ecuador,3,2
2025-08-15,06:58:25,4,4,5,2,Brasil,1,2
2025-02-07,08:14:36,2,4,6,1,Ecuador,1,1
2025-05-26,05:08:07,4,1,2,1,Peru,1,1
2025-05-06,19:35:59,2,3,1,1,Venezuela,1,2
2025-05-04,00:28:45,2,4,5,1,Ecuador,3,2
2025-05-02,20:20:13,2,2,1,2,Venezuela,1,1
2025-03-21,07:38:49,3,4,3,2,Argentina,2,3
2025-10-15,07:08:10,5,1,5,1,Venezuela,1,3
2025-07-18,22:30:51,4,1,9,1,Brasil,3,1
2025-11-14,21:46:14,2,2,4,2,Chile,2,1
2025-04-21,09:13:20,5,4,10,1,Peru,2,1
2025-10-28,05:10:22,1,2,3,2,Peru,2,3
2025-09-16,05:32:18,2,1,5,2,Ecuador,1,3
2025-03-15,07:48:57,1,3,5,1,Venezuela,1,3
2025-01-10,20:42:41,3,1,5,1,Peru,3,2
2025-10-25,16:30:32,4,3,3,1,Chile,1,1
2025-10-18,20:21:40,5,2,7,2,Brasil,1,2
2025-08-11,04:09:17,2,3,7,1,Chile,3,3
2025-08-31,20:23:50,5,2,3,2,Brasil,2,2
2025-04-19,11:26:50,5,4,5,2,Chile,2,2
2025-01-25,16:29:04,1,1,1,1,Chile,1,1
2025-01-08,03:24:23,1,4,5,2,Peru,2,3
2025-07-04,02:32:32,4,4,10,1,Ecuador,2,1
2025-03-13,18:51:53,1,1,9,1,Peru,2,3
2025-10-14,19:15:41,5,4,3,1,Ecuador,3,3
2025-11-23,23:33:07,2,1,10,1,Ecuador,1,2
2025-02-05,18:14:17,2,4,4,2,Chile,1,3
2025-02-07,19:40:31,3,1,4,2,Ecuador,1,1
2025-07-28,02:47:29,5,4,5,2,Peru,1,1
2025-07-25,21:15:27,4,1,10,2,Chile,1,3
2025-02-04,18:47:25,3,4,5,2,Chile,1,3
2025-03-22,17:28:16,2,4,2,1,Ecuador,2,2
2025-07-14,10:27:39,4,1,5,1,Argentina,3,3
2025-04-21,10:41:15,4,2,5,1,Ecuador,2,2
2025-08-02,01:30:53,5,4,1,2,Ecuador,2,1
2025-09-12,23:07:52,3,3,2,2,Ecuador,2,2
2025-03-23,10:44:27,4,3,6,2,Brasil,1,2
2025-03-17,20:40:08,2,1,10,2,Venezuela,2,3
2025-05-30,23:41:36,5,2,6,2,Ecuador,1,1
2025-04-14,20:40:39,2,4,1,1,Venezuela,2,3
2025-08-15,10:58:53,3,2,6,2,Ecuador,1,3
2025-02-25,14:13:05,2,1,3,2,Ecuador,2,3
2025-12-04,08:00:13,1,4,8,2,Chile,3,1
2025-12-14,21:20:52,2,2,1,2,Ecuador,1,1
2025-12-19,06:45:46,5,2,8,1,Chile,3,1
2025-08-08,23:46:45,4,2,5,2,Ecuador,2,1
2025-01-07,20:14:39,4,3,5,2,Argentina,1,1
2025-07-15,07:26:55,3,1,3,1,Ecuador,3,2
2025-07-30,15:55:38,2,3,5,1,Peru,2,3
2025-05-12,16:29:36,1,1,2,2,Brasil,2,1
2025-11-01,06:28:04,1,3,1,2,Brasil,1,3
2025-10-26,06:37:07,2,4,7,1,Ecuador,2,2
2025-05-23,08:36:07,4,4,1,2,Venezuela,1,3
2025-11-16,05:39:32,3,3,7,2,Argentina,1,1
2025-05-10,11:50:41,5,2,10,1,Venezuela,2,3
2025-01-04,19:42:20,1,1,8,1,Brasil,2,3
2025-08-29,08:09:52,1,3,3,2,Brasil,1,1
2025-01-25,20:53:22,4,2,3,2,Argentina,2,2
2025-08-14,22:56:02,3,1,5,2,Peru,3,2
2025-12-07,09:33:36,3,3,5,1,Peru,3,3
2025-05-30,05:05:40,1,4,10,2,Peru,3,3
2025-12-27,12:52:50,1,2,5,1,Brasil,1,2
2025-07-09,21:14:25,3,1,10,2,Venezuela,1,1
2025-04-30,08:06:51,3,4,2,1,Chile,1,2
2025-05-04,16:16:27,5,2,6,2,Ecuador,2,2
2025-10-23,00:36:36,1,4,9,1,Argentina,2,1
2025-08-24,10:10:11,2,3,5,2,Chile,2,1
2025-05-03,12:19:35,4,4,1,2,Venezuela,3,1
2025-12-08,19:23:05,3,2,2,1,Brasil,1,3
2025-08-20,03:23:29,1,3,7,1,Chile,3,2
2025-04-19,23:34:05,1,1,1,2,Venezuela,2,2
2025-12-12,23:58:21,3,4,2,2,Argentina,2,3
2025-01-10,08:45:31,3,4,6,1,Chile,1,2
2025-07-02,10:44:42,2,1,2,2,Peru,2,3
2025-02-17,23:07:21,5,1,6,1,Venezuela,3,1
2025-01-17,03:01:57,4,2,10,2,Peru,1,1
2025-12-29,23:28:44,5,2,4,1,Peru,3,3
2025-05-20,14:53:38,3,1,10,1,Venezuela,1,2
2025-08-20,22:36:58,4,1,1,2,Peru,2,3
2025-01-05,04:10:20,1,1,3,2,Brasil,1,2
2025-08-04,09:34:19,2,2,6,2,Peru,3,1
2025-10-27,09:06:43,2,3,9,1,Peru,1,3
2025-03-11,10:52:51,4,4,2,2,Brasil,1,3
2025-07-24,06:37:34,4,1,2,2,Peru,2,3
2025-01-21,05:43:04,5,1,1,2,Ecuador,2,1
2025-04-07,17:33:11,2,1,5,2,Ecuador,3,2
2025-09-09,14:01:17,1,4,2,2,Argentina,3,1
2025-08-06,10:46:22,4,1,8,2,Ecuador,1,1
2025-10-01,14:11:38,3,2,10,2,Venezuela,3,2
2025-12-12,11:42:10,3,4,1,2,Chile,1,1
2025-10-15,09:00:48,4,2,5,1,Argentina,3,3
2025-09-02,18:54:29,4,4,1,2,Peru,2,2
2025-11-23,05:16:55,3,3,5,2,Chile,2,1
2025-10-08,05:45:51,5,4,5,2,Chile,3,1
2025-02-14,18:04:45,2,2,6,1,Ecuador,3,3
2025-02-07,04:26:57,5,3,6,1,Chile,1,2
2025-02-12,12:30:55,4,1,8,1,Brasil,2,3
2025-05-31,12:05:00,1,1,3,1,Brasil,1,1
2025-03-22,10:17:33,3,4,4,1,Peru,2,3
2025-01-17,20:53:15,4,1,3,2,Ecuador,3,2
2025-01-28,16:21:01,5,2,2,2,Brasil,2,3
2025-08-11,09:42:14,1,3,9,1,Argentina,1,2
2025-08-18,13:24:01,2,1,8,2,Brasil,3,1
2025-08-23,23:48:37,4,4,9,2,Argentina,3,1
2025-07-27,17:57:07,2,3,8,2,Argentina,3,3
2025-12-05,22:34:22,1,1,2,1,Argentina,1,3
2025-10-11,21:55:53,2,2,6,2,Argentina,3,1
2025-05-14,21:15:39,1,3,2,1,Brasil,1,3
2025-02-07,03:20:42,3,1,7,2,Peru,2,1
2025-09-14,15:52:19,5,4,4,1,Venezuela,2,1
2025-03-29,19:51:21,5,2,2,1,Argentina,3,2
2025-03-04,08:30:16,1,3,7,1,Peru,3,2
2025-09-24,18:49:38,5,2,5,2,Argentina,1,3
2025-05-01,10:28:41,1,2,8,2,Brasil,2,2
2025-03-09,10:06:52,2,1,9,1,Brasil,2,1
2025-02-28,18:06:35,1,4,9,1,Argentina,3,1
2025-09-22,15:35:58,5,1,2,1,Argentina,2,1
2025-09-28,22:40:53,2,3,5,1,Ecuador,1,1
2025-07-17,05:17:55,4,3,1,2,Chile,1,2
2025-11-28,06:56:57,4,1,3,1,Argentina,3,2
2025-01-18,19:23:11,4,2,2,2,Argentina,2,3
2025-12-17,18:54:32,2,4,7,1,Peru,1,1
2025-03-21,19:47:16,3,4,7,1,Peru,2,2
2025-10-30,22:45:22,3,1,1,2,Brasil,3,2
2025-02-13,21:47:27,1,2,8,2,Peru,3,1
2025-05-29,09:07:48,1,1,4,1,Ecuador,2,2
2025-03-13,19:20:43,2,2,8,2,Venezuela,2,1
2025-07-16,14:03:50,1,3,2,2,Peru,3,2
2025-01-06,19:43:27,3,2,1,2,Brasil,3,1
2025-03-03,12:47:31,4,3,5,1,Brasil,3,2
2025-06-22,16:23:28,5,4,4,1,Chile,2,1
2025-10-20,02:36:21,4,4,10,1,Venezuela,2,2
2025-09-23,18:09:19,3,1,9,1,Argentina,1,2
2025-04-27,14:18:52,4,3,6,1,Argentina,1,3
2025-08-13,08:40:28,3,3,1,1,Ecuador,1,3
2025-03-10,15:39:56,2,1,8,2,Venezuela,3,1
2025-01-05,21:34:10,4,4,2,1,Venezuela,1,1
2025-01-28,18:13:17,2,1,10,1,Venezuela,2,3
2025-05-22,01:12:31,2,3,10,1,Argentina,2,1
2025-08-29,18:31:59,4,2,9,1,Chile,2,2
2025-12-20,06:46:39,3,2,8,1,Brasil,2,1
2025-12-12,18:07:55,5,4,6,1,Brasil,2,2
2025-05-10,17:51:41,2,1,3,1,Chile,2,1
2025-02-13,18:54:53,5,4,4,1,Peru,1,1
2025-07-28,09:02:20,2,4,8,2,Venezuela,3,2
2025-06-14,23:17:55,2,4,7,1,Peru,2,1
2025-03-18,14:17:48,3,3,4,1,Venezuela,1,1
2025-11-06,07:08:56,3,3,2,2,Chile,2,2
2025-10-20,08:41:13,1,3,6,1,Argentina,3,3
2025-07-28,12:56:04,4,4,5,1,Venezuela,1,3
2025-10-11,23:50:24,2,1,5,2,Venezuela,1,2
2025-03-13,19:47:58,3,1,6,1,Argentina,2,1
2025-01-19,02:04:29,2,4,9,1,Chile,3,1
2025-08-12,17:17:49,5,4,1,2,Venezuela,3,2
2025-08-30,09:20:09,3,3,8,1,Argentina,3,3
2025-10-26,17:49:12,5,2,6,1,Venezuela,3,1
2025-07-11,06:26:46,3,1,8,1,Ecuador,3,1
2025-01-07,10:16:06,3,2,5,1,Argentina,1,1
2025-06-19,20:22:00,2,3,6,2,Venezuela,2,2
2025-11-24,08:46:16,1,1,5,2,Argentina,1,3
2025-02-28,12:38:25,1,3,4,2,Peru,3,2
2025-05-01,08:24:42,5,4,6,1,Chile,2,2
2025-01-24,11:22:18,3,1,3,2,Chile,3,2
2025-01-24,18:47:06,1,3,9,1,Chile,1,1
2025-09-06,09:24:31,3,3,6,2,Argentina,3,2
2025-04-27,14:58:33,3,2,8,1,Brasil,2,3
2025-11-24,01:15:26,5,2,7,1,Argentina,3,1
2025-02-01,10:49:30,2,1,7,1,Venezuela,1,1
2025-03-22,21:14:26,4,2,5,1,Ecuador,2,2
2025-09-17,14:39:09,3,1,4,2,Brasil,2,3
2025-03-24,02:11:08,5,1,5,2,Brasil,1,1
2025-09-10,22:31:24,3,2,9,2,Peru,1,2
2025-10-10,14:59:13,2,3,7,2,Brasil,2,1
2025-10-18,23:36:02,4,1,2,1,Ecuador,2,1
2025-08-14,17:28:03,2,2,5,1,Peru,3,1
2025-05-31,08:10:39,3,2,5,1,Brasil,2,3
2025-04-24,02:27:42,4,4,1,2,Argentina,3,3
2025-01-06,10:34:42,3,1,9,2,Ecuador,3,2
2025-12-30,21:13:47,1,3,6,2,Peru,2,1
2025-12-04,04:54:46,4,1,4,1,Brasil,2,3
2025-08-12,12:29:40,1,1,3,2,Chile,2,3
2025-11-01,22:19:57,5,2,7,2,Peru,2,1
2025-09-10,09:55:17,5,4,1,2,Ecuador,1,2
2025-08-13,23:38:20,3,4,7,2,Peru,2,3
2025-12-23,01:39:24,5,1,7,1,Ecuador,2,1
2025-10-13,06:22:51,2,3,1,1,Argentina,1,1
2025-09-07,06:45:20,5,3,6,2,Brasil,3,3
2025-07-27,05:46:52,5,2,2,2,Peru,1,1
2025-05-21,11:56:54,2,1,1,2,Argentina,3,3
2025-03-08,06:38:40,4,1,3,1,Ecuador,3,3
2025-08-05,20:10:20,3,4,5,1,Ecuador,3,3
2025-02-18,20:16:59,4,4,8,1,Argentina,2,2
2025-11-25,01:37:37,3,3,9,2,Venezuela,3,1
2025-09-10,15:35:03,2,1,9,2,Peru,1,2
2025-03-13,03:14:54,4,2,9,1,Chile,1,1
2025-03-29,03:42:21,1,4,8,1,Ecuador,2,3
2025-02-12,05:23:33,1,1,1,2,Venezuela,1,1
2025-02-25,23:04:10,1,2,6,2,Argentina,2,3
2025-09-20,20:51:37,3,3,7,2,Chile,1,1
2025-12-23,21:21:05,3,3,5,2,Venezuela,3,1
2025-10-28,16:44:40,1,3,3,1,Venezuela,3,3
2025-11-04,03:58:35,1,2,4,2,Brasil,3,3
2025-07-01,08:25:39,3,3,9,1,Peru,1,2
2025-05-10,06:20:49,3,3,8,2,Argentina,3,2
2025-11-23,10:26:57,1,1,5,2,Brasil,3,1
2025-02-12,22:22:22,4,3,6,2,Venezuela,1,3
2025-09-19,00:38:11,1,3,3,2,Argentina,2,1
2025-01-13,00:46:45,4,3,10,1,Argentina,1,3
2025-12-12,21:56:39,3,3,4,1,Peru,1,3
2025-04-28,18:17:32,3,3,3,2,Chile,3,3
2025-10-18,11:57:47,3,3,6,1,Venezuela,2,3
2025-06-27,16:02:55,3,4,2,1,Venezuela,3,2
2025-03-07,23:01:04,1,4,9,2,Brasil,2,2
2025-03-03,02:23:30,3,4,5,2,Ecuador,2,1
2025-07-30,14:27:23,3,1,1,2,Peru,1,2
2025-06-04,03:43:08,5,3,5,2,Brasil,2,1
2025-08-18,06:18:29,2,3,2,2,Argentina,3,1
2025-12-15,14:23:15,1,2,1,2,Venezuela,2,2
2025-07-06,11:35:20,5,3,9,1,Chile,3,2
2025-10-01,00:08:26,3,3,9,1,Argentina,2,3
2025-02-03,00:53:55,5,2,5,2,Ecuador,1,1
2025-01-30,18:28:40,1,1,10,2,Brasil,1,1
2025-11-01,18:32:27,4,3,2,2,Venezuela,3,2
2025-10-25,08:19:34,1,4,1,2,Brasil,3,1
2025-08-11,04:43:29,4,2,3,2,Peru,3,2
2025-05-14,23:49:51,4,4,1,1,Venezuela,1,3
2025-06-23,13:50:37,4,3,8,1,Chile,1,2
2025-03-17,08:37:38,5,1,7,2,Chile,1,3
2025-07-31,07:06:31,3,1,8,1,Chile,2,3
2025-11-05,02:39:34,4,2,6,2,Venezuela,2,3
2025-09-03,12:12:34,3,2,6,1,Peru,3,2
2025-05-21,04:42:26,1,4,5,1,Brasil,2,2
2025-03-27,07:18:52,1,4,9,1,Peru,3,1
2025-06-22,23:12:18,3,3,4,1,Peru,3,3
2025-12-03,08:00:28,2,4,3,2,Argentina,2,1
2025-07-09,19:05:29,3,1,5,2,Argentina,3,1
2025-07-22,09:37:49,4,3,1,2,Chile,1,3
2025-04-01,00:13:27,3,2,2,2,Brasil,3,3
2025-12-25,04:13:30,1,3,7,1,Chile,2,3
2025-07-07,07:20:08,3,2,3,2,Ecuador,2,3
2025-05-30,09:24:20,1,3,3,2,Peru,1,3
2025-03-29,06:14:14,4,4,4,2,Chile,3,3
2025-03-20,02:15:50,3,2,5,1,Chile,2,1
2025-04-03,12:49:27,2,2,8,2,Venezuela,3,2
2025-06-27,05:26:17,5,3,6,2,Peru,1,3
2025-07-29,21:29:24,1,3,9,1,Brasil,1,1
2025-04-07,17:59:22,2,1,5,1,Chile,1,2
2025-08-26,02:13:50,1,1,4,1,Argentina,1,3
2025-09-17,21:17:25,2,2,6,1,Venezuela,1,3
2025-12-16,20:57:11,1,3,6,2,Argentina,2,1
2025-04-06,05:17:31,3,3,8,2,Ecuador,1,3
2025-02-19,15:41:47,3,4,2,1,Peru,3,1
2025-09-19,06:49:44,3,4,8,1,Venezuela,2,2
2025-09-25,13:53:19,3,4,3,2,Chile,1,3
2025-09-28,15:13:59,3,2,7,1,Brasil,3,2
2025-07-13,06:13:58,4,4,7,2,Argentina,1,3
2025-04-14,02:25:13,5,2,6,2,Peru,3,2
2025-02-10,13:38:05,1,3,5,2,Chile,1,2
2025-03-24,12:12:30,3,2,10,2,Brasil,3,3
2025-03-31,08:09:31,2,4,6,1,Peru,3,3
2025-01-26,13:19:13,3,4,2,2,Venezuela,1,1
2025-01-17,12:48:42,4,3,1,2,Chile,1,3
2025-04-18,14:38:33,5,4,2,1,Peru,2,3
2025-07-23,01:16:47,1,1,5,2,Brasil,3,1
2025-11-16,19:54:15,5,4,8,1,Brasil,3,2
2025-10-01,19:43:19,5,1,6,1,Brasil,2,1
2025-06-06,00:06:24,2,3,1,2,Ecuador,1,2
2025-05-30,02:24:38,1,1,9,1,Chile,2,3
2025-07-01,00:19:31,3,4,3,1,Brasil,3,1
2025-05-24,19:18:37,2,1,3,2,Argentina,3,2
2025-08-29,07:09:37,2,2,2,1,Brasil,1,1
2025-03-29,23:54:52,1,2,9,2,Venezuela,1,2
2025-09-09,15:45:25,5,2,6,2,Brasil,2,3
2025-05-10,22:01:22,1,2,5,1,Ecuador,1,3
2025-03-20,14:45:27,2,2,3,1,Chile,1,1
2025-09-29,22:33:13,3,1,3,2,Ecuador,3,1
2025-10-26,02:57:19,5,1,4,1,Venezuela,2,1
2025-11-16,05:50:02,2,2,2,2,Chile,2,3
2025-03-16,22:51:31,5,1,7,1,Argentina,1,3
2025-01-25,11:51:37,1,1,3,1,Peru,2,3
2025-03-27,02:03:01,2,4,6,2,Ecuador,3,3
2025-12-10,08:34:44,5,4,5,2,Ecuador,2,2
2025-08-17,05:11:21,4,3,9,2,Ecuador,3,3
2025-10-01,08:45:50,3,3,8,2,Ecuador,3,1
2025-10-28,11:52:04,3,2,3,2,Chile,3,3
2025-04-26,13:57:03,3,2,8,1,Ecuador,2,2
2025-06-02,15:15:57,4,1,7,1,Brasil,3,2
2025-09-02,06:13:51,4,1,10,1,Venezuela,2,1
2025-03-07,03:59:46,3,1,2,1,Venezuela,1,1
2025-11-16,23:11:48,3,4,5,2,Peru,1,2
2025-06-08,10:04:44,3,1,10,1,Argentina,3,1
2025-10-21,08:39:59,3,3,7,2,Peru,2,3
2025-02-26,17:02:11,3,2,4,2,Venezuela,3,1
2025-07-14,13:57:34,4,3,8,2,Argentina,2,3
2025-12-07,23:31:02,5,2,5,2,Brasil,3,1
2025-08-06,15:11:38,4,2,9,1,Brasil,1,3
2025-08-02,19:30:33,1,1,7,1,Brasil,3,2
2025-01-05,08:49:51,4,4,7,2,Brasil,2,2
2025-03-03,20:04:12,2,2,3,2,Ecuador,1,1
2025-01-30,10:41:08,5,2,9,1,Argentina,1,1
2025-11-16,15:56:26,1,3,3,2,Brasil,2,3
2025-08-29,00:08:08,3,2,5,2,Argentina,2,3
2025-02-09,01:47:49,1,1,10,1,Argentina,3,3
2025-10-17,11:47:25,1,3,3,1,Argentina,2,2
2025-03-23,07:00:24,4,1,4,1,Peru,2,1
2025-12-17,18:55:27,2,3,7,1,Chile,2,1
2025-01-26,12:50:44,3,1,7,2,Chile,3,2
2025-05-31,16:41:16,3,4,3,1,Argentina,2,2
2025-10-11,19:31:57,1,1,3,1,Peru,1,1
2025-08-25,13:24:44,5,2,7,2,Peru,1,1
2025-03-23,07:21:00,5,1,7,1,Argentina,3,3
2025-05-17,09:07:23,3,3,5,2,Argentina,1,1
2025-12-28,23:02:53,5,3,5,2,Peru,2,3
2025-11-09,02:13:06,4,4,4,2,Brasil,3,1
2025-01-04,20:19:27,1,4,5,1,Argentina,1,1
2025-12-10,15:08:08,1,3,1,1,Venezuela,1,3
2025-10-10,16:26:02,2,2,9,2,Argentina,2,1
2025-09-09,16:10:42,5,3,8,2,Chile,2,1
2025-12-08,17:59:35,4,1,9,1,Chile,1,2
2025-02-04,14:29:23,3,4,9,2,Ecuador,2,1
2025-05-05,06:03:05,4,3,8,1,Ecuador,2,2
2025-09-24,17:44:34,3,4,4,2,Brasil,2,1
2025-02-20,01:46:17,5,1,4,1,Peru,1,2
2025-09-16,06:39:51,4,1,8,2,Argentina,2,1
2025-10-04,15:58:51,5,4,5,2,Ecuador,2,1
2025-12-09,12:25:54,1,1,7,1,Peru,3,1
2025-02-17,04:34:23,3,3,4,1,Argentina,2,3
2025-12-01,15:50:09,5,1,7,2,Brasil,3,2
2025-09-22,14:13:27,2,3,8,1,Peru,1,2
2025-10-10,13:09:17,4,2,1,2,Peru,3,1
2025-08-20,02:17:14,2,1,5,2,Argentina,3,2
2025-04-26,15:39:54,3,4,4,2,Chile,1,2
2025-12-09,10:59:48,5,2,2,1,Chile,1,1
2025-07-15,15:40:09,1,3,7,1,Chile,2,3
2025-05-02,01:44:47,1,1,2,2,Brasil,2,1
2025-01-08,11:16:42,4,2,7,1,Chile,3,2
2025-06-24,16:39:11,1,3,5,1,Peru,2,2
2025-08-31,07:59:13,1,1,3,1,Chile,2,3
2025-06-22,11:44:39,2,4,1,2,Venezuela,2,1
2025-06-17,21:19:03,5,2,6,1,Brasil,1,3
2025-05-08,08:10:08,5,1,7,1,Venezuela,3,2
2025-07-21,09:13:49,5,2,9,1,Argentina,2,2
2025-06-11,16:56:12,3,1,10,2,Peru,2,1
2025-04-14,13:27:22,5,4,2,2,Ecuador,1,3
2025-12-12,14:55:29,4,1,9,1,Brasil,3,3
2025-05-09,19:08:51,5,2,8,1,Brasil,1,1
2025-11-28,18:00:01,1,1,8,1,Peru,1,1
2025-05-23,11:05:56,1,4,3,1,Peru,2,1
2025-02-03,01:11:14,2,2,5,1,Brasil,2,3
2025-07-25,02:16:24,4,4,9,1,Peru,2,3
2025-01-27,22:48:24,5,2,7,2,Brasil,1,3
2025-12-19,23:08:23,5,1,7,2,Venezuela,2,2
2025-11-13,16:21:29,5,2,4,2,Argentina,3,3
2025-11-01,04:05:16,3,2,2,1,Peru,3,3
2025-07-25,07:19:06,5,4,3,1,Peru,1,3
2025-09-13,03:11:20,1,2,5,1,Peru,2,2
2025-07-01,20:52:29,4,2,7,1,Venezuela,3,1
2025-04-15,18:56:36,1,2,10,1,Argentina,2,2
2025-07-16,07:03:51,3,1,5,1,Peru,2,3
2025-08-07,00:38:39,4,2,2,2,Brasil,2,2
2025-04-09,09:25:52,3,1,1,1,Chile,2,2
2025-02-28,15:46:02,5,2,7,2,Peru,2,1
2025-08-29,11:49:35,2,3,9,1,Chile,3,3
2025-04-16,19:24:13,1,4,4,1,Chile,1,1
2025-03-13,19:01:53,4,3,6,1,Argentina,1,3
2025-07-20,19:36:43,5,2,2,1,Chile,2,2
2025-12-03,12:05:27,3,2,6,2,Chile,3,3
2025-04-13,02:41:41,1,4,10,2,Argentina,3,1
2025-01-19,04:36:08,1,3,5,2,Peru,2,3
2025-09-18,16:20:47,3,2,6,2,Venezuela,3,1
2025-04-01,01:55:33,2,3,4,2,Brasil,1,3
2025-07-11,23:49:38,1,2,8,1,Peru,1,2
2025-06-07,10:22:19,1,1,3,1,Chile,1,3
2025-11-16,22:12:00,2,1,9,1,Venezuela,3,2
2025-02-07,23:55:27,5,1,8,2,Brasil,3,1
2025-12-08,16:28:31,2,1,4,1,Chile,2,3
2025-01-12,22:15:23,3,4,4,1,Chile,2,2
2025-02-04,11:23:09,4,4,8,2,Peru,3,2
2025-02-26,01:53:30,1,2,1,2,Ecuador,1,3
2025-06-29,21:26:42,4,2,8,1,Venezuela,3,2
2025-06-14,21:08:55,1,4,8,1,Peru,2,3
2025-10-09,21:43:41,3,4,3,1,Peru,1,3
2025-07-09,05:52:19,5,1,7,2,Ecuador,1,2
2025-07-17,03:28:00,5,2,10,1,Argentina,3,3
2025-09-04,13:18:50,4,1,5,2,Argentina,1,3
2025-12-19,06:42:04,3,3,9,1,Chile,3,3
2025-06-09,04:53:52,3,4,1,2,Argentina,2,2
2025-10-09,18:09:35,2,3,5,2,Argentina,3,1
2025-09-09,03:44:29,5,2,8,2,Peru,2,3
2025-07-31,07:47:34,5,3,4,1,Chile,2,1
2025-04-23,19:52:16,1,3,1,2,Chile,2,3
2025-04-25,08:50:28,3,2,5,1,Ecuador,2,3
2025-12-17,21:06:40,2,1,7,1,Peru,1,2
2025-02-23,03:51:47,1,2,4,2,Ecuador,3,1
2025-04-30,19:17:56,3,3,9,2,Brasil,1,1
2025-10-10,14:30:48,4,4,6,1,Ecuador,1,2
2025-03-04,10:33:46,4,4,1,1,Brasil,3,1
2025-04-17,16:28:14,5,1,5,1,Chile,1,3
2025-06-18,00:43:18,2,3,10,1,Ecuador,2,3
2025-01-13,08:38:57,1,3,2,2,Peru,1,1
2025-06-23,22:50:11,1,2,2,1,Chile,3,3
2025-06-25,13:41:54,5,3,1,2,Peru,1,3
2025-11-25,04:27:17,5,3,7,2,Chile,1,3
2025-04-30,11:27:32,3,2,6,1,Venezuela,3,2
2025-08-16,12:32:18,2,3,9,2,Ecuador,2,2
2025-01-06,22:35:33,4,2,5,2,Brasil,1,2
2025-07-07,20:50:09,3,1,1,2,Argentina,1,2
2025-11-22,02:51:44,4,2,6,1,Ecuador,2,1
2025-01-22,20:57:02,3,2,1,1,Venezuela,3,2
2025-06-27,04:54:37,1,1,2,2,Brasil,2,2
2025-04-25,18:29:38,5,1,9,1,Argentina,3,2
2025-04-12,15:28:06,2,3,5,2,Venezuela,2,2
2025-10-08,02:19:02,5,3,1,1,Venezuela,3,1
2025-04-15,13:52:47,2,2,5,2,Brasil,3,3
2025-01-25,17:23:46,5,1,6,1,Peru,3,3
2025-05-09,07:40:29,4,2,10,1,Venezuela,1,1
2025-07-22,04:54:02,3,3,7,1,Venezuela,1,1
2025-12-04,21:42:20,3,3,2,1,Chile,3,3
2025-05-25,13:17:17,5,3,3,1,Chile,1,2
2025-04-30,02:42:09,3,1,9,1,Peru,2,1
2025-02-14,04:20:48,4,3,5,2,Chile,1,3
2025-10-27,09:14:05,3,2,6,1,Chile,2,2
2025-10-01,06:52:19,4,1,6,1,Peru,3,3
2025-01-18,01:31:39,5,2,9,1,Venezuela,1,3
2025-08-26,05:57:17,3,4,4,1,Peru,3,1
2025-05-17,14:20:44,2,3,8,2,Chile,1,2
2025-03-08,10:06:40,2,4,7,2,Chile,3,2
2025-09-08,12:01:26,5,2,3,2,Brasil,1,1
2025-05-31,18:12:06,5,1,1,2,Peru,2,2
2025-01-02,15:12:20,5,1,3,1,Brasil,2,3
2025-05-31,08:37:42,1,3,10,1,Peru,1,2
2025-01-22,15:36:54,1,3,5,1,Brasil,2,2
2025-12-20,08:07:06,5,2,1,1,Chile,2,1
2025-04-08,08:27:34,3,1,2,2,Venezuela,1,2
2025-09-02,10:20:14,3,4,7,1,Ecuador,1,3
2025-02-13,04:56:39,5,1,4,2,Chile,1,3
2025-11-04,21:08:19,5,4,10,1,Brasil,2,2
2025-11-22,14:32:41,1,4,3,2,Peru,2,3
2025-03-06,02:12:14,5,3,1,1,Argentina,3,3
2025-07-05,11:15:37,2,1,6,1,Argentina,3,1
2025-07-05,10:19:26,2,3,5,1,Peru,2,2
2025-10-30,09:40:23,5,4,3,2,Ecuador,2,1
2025-06-02,19:53:47,2,3,8,1,Argentina,2,2
2025-02-14,07:55:34,5,1,6,1,Peru,3,3
2025-12-19,04:11:57,5,4,3,1,Argentina,1,2
2025-01-06,03:42:00,5,3,3,1,Argentina,2,1
2025-12-08,14:06:20,1,4,2,1,Chile,3,3
2025-03-21,04:17:15,1,3,5,2,Chile,3,2
2025-01-18,10:15:45,4,3,4,2,Ecuador,3,1
2025-03-15,08:35:32,4,4,9,1,Venezuela,2,3
2025-08-12,19:30:45,3,2,3,2,Chile,3,2
2025-06-06,10:18:43,3,2,6,1,Argentina,2,2
2025-05-13,22:26:26,4,1,3,1,Ecuador,1,2
2025-08-06,12:37:33,4,1,8,2,Ecuador,1,1
2025-11-07,06:25:31,5,4,2,1,Ecuador,3,2
2025-11-03,07:39:29,4,3,2,1,Ecuador,1,1
2025-04-24,16:14:42,1,1,5,2,Peru,1,2
2025-03-28,09:28:37,3,2,6,1,Chile,1,2
2025-06-16,11:02:35,1,2,7,1,Venezuela,1,1
2025-11-17,14:47:57,1,3,4,1,Peru,3,3
2025-10-22,04:28:43,3,3,6,2,Venezuela,1,3
2025-04-30,10:36:38,2,3,7,2,Ecuador,2,3
2025-05-14,02:47:00,1,2,1,2,Ecuador,3,3
2025-09-10,01:30:25,5,4,1,2,Argentina,3,2
2025-08-08,23:57:24,2,4,5,2,Brasil,1,2
2025-07-13,11:12:54,5,1,10,2,Brasil,3,2
2025-07-23,15:17:04,5,1,7,2,Peru,3,1
2025-07-31,00:27:45,5,3,10,2,Brasil,1,2
2025-05-10,10:09:18,5,2,3,1,Brasil,1,1
2025-07-24,03:40:20,2,1,8,1,Venezuela,3,2
2025-09-08,23:41:39,2,4,9,1,Argentina,3,2
2025-10-08,13:16:44,5,4,8,1,Peru,1,1
2025-06-03,18:35:28,1,3,8,1,Brasil,1,2
2025-02-03,02:39:22,2,4,10,1,Venezuela,1,3
2025-05-27,18:11:56,3,1,7,2,Peru,3,1
2025-02-02,19:57:24,1,4,7,2,Argentina,2,1
2025-08-03,10:31:12,2,1,5,2,Venezuela,2,1
2025-09-16,03:26:32,5,2,8,1,Ecuador,1,2
2025-01-17,15:53:53,4,4,5,2,Chile,1,3
2025-05-20,11:39:28,4,4,4,1,Chile,2,1
2025-09-21,01:56:56,1,4,5,2,Argentina,1,1
2025-06-20,06:03:52,4,1,6,1,Venezuela,3,3
2025-12-26,06:22:40,5,4,10,1,Peru,1,1
2025-12-28,17:50:23,3,1,5,1,Brasil,1,1
2025-10-15,05:44:22,5,2,3,2,Argentina,2,3
2025-03-19,08:20:33,3,1,9,2,Venezuela,2,2
2025-09-01,23:08:35,3,2,6,1,Argentina,2,2
2025-10-27,05:49:33,5,4,3,2,Argentina,2,3
2025-09-17,09:59:03,2,4,2,2,Chile,3,1
2025-02-04,11:53:27,4,1,2,2,Argentina,1,2
2025-04-17,07:03:57,4,2,5,2,Brasil,2,3
2025-03-25,00:21:56,2,1,8,2,Chile,1,1
2025-02-14,21:24:21,5,2,9,2,Argentina,1,2
2025-04-23,19:44:17,1,4,9,2,Ecuador,3,1
2025-08-26,10:15:37,4,2,6,2,Argentina,1,1
2025-04-25,03:57:13,4,2,8,2,Venezuela,1,2
2025-12-09,08:16:26,4,4,8,2,Peru,1,2
2025-09-28,09:05:52,2,2,8,2,Peru,3,3
2025-07-17,02:54:43,2,1,6,1,Ecuador,2,3
2025-02-18,13:15:36,2,4,10,1,Argentina,1,2
2025-01-28,10:47:41,1,2,2,2,Brasil,3,2
2025-05-13,07:33:08,2,2,1,1,Brasil,1,1
2025-11-25,11:55:21,2,1,8,2,Ecuador,1,2
2025-07-23,07:27:37,5,3,9,2,Chile,1,1
2025-03-30,05:50:58,3,3,3,1,Brasil,1,1
2025-08-24,00:33:14,5,3,7,2,Peru,1,3
2025-01-05,08:27:30,5,1,3,2,Chile,2,1
2025-03-28,19:10:54,4,4,7,2,Ecuador,2,1
2025-02-10,20:20:11,4,3,7,1,Venezuela,2,1
2025-05-22,19:44:40,1,3,8,1,Chile,3,1
2025-07-31,03:23:36,4,3,9,2,Peru,3,1
2025-08-15,02:37:46,3,3,6,2,Venezuela,1,1
2025-01-29,23:37:37,5,1,2,1,Venezuela,2,3
2025-01-03,15:17:55,5,2,7,2,Brasil,2,2
2025-08-15,18:44:08,2,1,2,1,Peru,3,2
2025-03-12,07:22:00,5,4,7,2,Ecuador,1,1
2025-12-09,09:27:25,3,3,3,1,Peru,1,1
2025-05-25,16:11:49,5,1,6,1,Chile,2,3
2025-07-25,09:15:00,5,2,6,1,Argentina,1,2
2025-01-27,23:58:57,4,4,4,2,Chile,1,2
2025-02-25,06:35:16,5,1,10,1,Peru,2,2
2025-04-07,18:18:26,3,2,3,1,Venezuela,2,2
2025-07-17,06:13:34,2,1,8,2,Ecuador,2,3
2025-12-15,10:48:50,1,3,8,2,Ecuador,2,3
2025-05-29,17:36:24,5,1,8,1,Venezuela,2,3
2025-10-16,02:23:26,3,4,7,2,Peru,2,2
2025-03-17,07:25:26,4,1,4,2,Chile,2,1
2025-11-27,07:33:26,2,3,5,1,Ecuador,1,3
2025-11-29,07:22:22,3,4,7,2,Venezuela,1,2
2025-12-24,20:32:27,1,1,7,2,Chile,3,3
2025-04-23,16:24:58,2,4,9,2,Venezuela,1,2
2025-08-20,07:55:07,3,3,4,1,Chile,1,3
2025-06-26,21:28:39,4,3,4,2,Chile,1,1
2025-09-04,12:58:03,4,3,3,1,Brasil,3,2
2025-01-10,21:21:15,2,4,3,2,Venezuela,1,3
2025-11-23,11:22:23,1,4,6,2,Ecuador,3,2
2025-10-05,07:30:31,2,2,1,2,Peru,1,1
2025-03-19,17:55:55,5,3,3,1,Venezuela,2,3
2025-09-03,20:29:55,2,1,8,2,Brasil,3,2
2025-08-26,18:39:34,3,1,6,2,Ecuador,1,3
2025-08-08,11:00:23,1,2,1,2,Chile,2,2
2025-08-04,01:50:51,1,2,3,1,Venezuela,1,3
2025-12-22,14:29:49,2,1,6,2,Chile,1,1
2025-04-13,02:50:10,1,4,6,1,Ecuador,2,1
2025-05-09,02:53:01,5,3,7,1,Brasil,2,2
2025-04-22,20:09:30,1,4,7,1,Argentina,2,1
2025-09-20,01:27:08,3,1,1,2,Peru,1,3
2025-07-01,01:47:22,1,3,5,1,Venezuela,1,3
2025-11-19,18:32:52,1,1,4,1,Venezuela,1,2
2025-11-28,03:05:10,1,2,3,1,Ecuador,3,1
2025-03-05,02:00:49,4,2,7,1,Ecuador,3,2
2025-05-15,03:39:05,3,3,8,1,Ecuador,2,1
2025-11-22,09:20:21,1,3,5,1,Ecuador,2,1
2025-06-21,15:55:09,2,3,7,1,Brasil,2,3
2025-03-08,12:43:04,3,2,9,2,Argentina,1,2
2025-07-20,21:20:13,1,3,4,1,Ecuador,1,2
2025-11-07,10:16:44,5,4,8,1,Argentina,1,3
2025-09-15,01:22:58,5,3,9,1,Chile,1,1
2025-09-12,00:20:39,5,1,8,1,Venezuela,2,1
2025-06-07,06:41:50,5,1,10,1,Venezuela,2,1
2025-02-08,13:36:11,5,3,1,2,Brasil,2,2
2025-06-18,02:18:04,5,1,4,2,Chile,1,3
2025-09-16,02:26:18,4,3,9,2,Ecuador,1,1
2025-12-14,04:32:53,2,3,6,1,Chile,2,3
2025-11-28,20:06:09,4,3,7,2,Chile,2,2
2025-11-12,22:44:01,1,4,2,1,Peru,2,3
2025-01-25,16:04:52,2,3,7,1,Brasil,3,1
2025-11-30,09:13:13,4,1,4,2,Brasil,2,3
2025-09-30,08:17:19,5,2,9,1,Brasil,3,3
2025-07-31,07:20:57,3,2,6,1,Venezuela,2,2
2025-05-01,00:45:32,1,1,5,2,Peru,3,2
2025-04-23,08:14:47,5,2,3,1,Venezuela,3,2
2025-05-21,10:27:54,5,2,7,2,Brasil,3,3
2025-07-26,17:46:35,1,3,9,1,Ecuador,2,1
2025-12-03,08:18:10,5,1,2,2,Peru,3,3
2025-05-01,02:09:42,3,3,10,1,Ecuador,2,2
2025-07-01,05:21:24,3,3,2,2,Peru,2,3
2025-02-10,00:19:47,3,4,1,1,Peru,1,1
2025-08-16,18:35:25,3,1,3,2,Peru,3,3
2025-02-06,04:45:51,2,2,3,2,Brasil,1,3
2025-09-12,22:54:01,3,4,6,1,Chile,3,3
2025-02-18,21:24:55,3,3,5,2,Peru,2,2
2025-04-12,07:48:30,2,1,3,2,Peru,2,2
2025-02-01,12:54:04,2,2,5,1,Chile,3,1
2025-06-18,20:26:11,2,4,10,1,Ecuador,3,2
2025-04-26,09:54:23,4,3,5,2,Argentina,2,2
2025-06-14,04:17:55,1,4,1,1,Peru,3,3
2025-10-07,01:16:09,1,3,5,2,Ecuador,1,3
2025-02-13,09:14:18,5,1,3,1,Brasil,2,2
2025-06-23,17:42:33,2,4,9,1,Chile,3,3
2025-09-06,03:52:22,5,1,8,2,Chile,1,3
2025-07-12,09:56:25,4,3,8,2,Brasil,1,2
2025-02-13,13:00:25,3,4,5,2,Peru,1,3
2025-05-18,00:18:22,5,4,10,2,Brasil,3,2
2025-05-18,23:58:35,5,3,3,1,Chile,2,3
2025-01-18,16:51:58,2,2,1,1,Peru,2,3
2025-05-29,17:48:44,4,1,7,2,Brasil,1,1
2025-07-25,01:43:30,3,2,7,2,Chile,3,2
2025-07-20,16:17:54,4,1,3,1,Ecuador,1,2
2025-06-01,21:04:24,5,3,8,2,Argentina,1,2
2025-09-29,22:55:50,1,2,3,1,Ecuador,1,1
2025-09-29,07:23:32,4,1,6,2,Argentina,2,1
2025-08-15,12:30:05,5,3,2,2,Venezuela,3,3
2025-01-02,18:24:11,4,4,5,1,Chile,1,1
2025-11-10,09:27:03,3,4,3,2,Ecuador,1,3
2025-08-26,07:03:13,2,4,6,2,Brasil,2,1
2025-10-30,04:29:02,4,2,3,1,Peru,3,1
2025-07-21,15:05:35,5,3,9,2,Argentina,3,3
2025-03-26,14:39:44,1,3,7,1,Ecuador,2,1
2025-08-26,13:23:38,4,2,8,1,Ecuador,3,3
2025-05-22,12:49:02,4,4,4,1,Chile,2,1
2025-03-10,15:32:07,5,1,10,1,Peru,2,2
2025-09-16,01:17:21,4,2,8,1,Brasil,1,3
2025-05-25,16:47:55,4,3,8,1,Venezuela,2,3
2025-09-03,11:09:26,2,4,3,2,Argentina,3,1
2025-09-23,01:51:57,1,1,8,1,Venezuela,1,3
2025-07-30,09:23:39,2,3,5,1,Venezuela,3,1
2025-09-13,08:03:18,1,4,3,2,Chile,3,1
2025-10-10,17:12:18,4,1,3,1,Venezuela,1,2
2025-01-06,01:17:43,3,4,10,2,Brasil,3,1
2025-02-03,01:59:32,5,4,3,2,Brasil,2,1
2025-06-13,15:34:00,1,2,6,2,Brasil,2,1
2025-11-30,00:14:00,1,2,1,1,Chile,3,2
2025-09-05,09:48:58,2,3,2,2,Chile,2,2
2025-10-09,19:23:54,4,1,3,2,Chile,2,3
2025-10-20,10:05:50,3,3,4,1,Ecuador,1,2
2025-10-21,03:00:15,5,1,6,1,Chile,2,2
2025-09-10,16:36:05,5,3,6,2,Chile,3,1
2025-02-20,06:45:07,1,2,5,1,Peru,3,1
2025-11-28,18:26:42,1,2,6,2,Ecuador,1,3
2025-12-19,21:06:56,2,2,8,1,Chile,2,3
2025-05-02,10:39:07,3,1,10,2,Chile,3,2
2025-01-28,19:50:24,4,3,6,1,Ecuador,1,2
2025-07-27,01:06:09,4,4,1,2,Brasil,2,3
2025-02-05,03:48:05,3,4,7,2,Brasil,3,3
2025-04-01,04:34:35,3,1,2,1,Chile,3,1
2025-02-17,09:40:33,4,4,1,2,Argentina,3,1
2025-07-06,13:11:31,2,4,6,1,Chile,1,1
2025-02-21,03:07:56,3,3,5,1,Peru,2,3
2025-03-24,13:19:36,2,1,8,2,Brasil,3,1
2025-06-15,15:53:52,2,1,9,2,Chile,2,2
2025-12-02,13:57:31,5,4,10,2,Venezuela,1,2
2025-12-24,21:45:35,5,4,9,2,Ecuador,1,1
2025-12-01,06:07:47,3,1,9,2,Brasil,1,2
2025-04-23,04:41:37,2,1,1,1,Ecuador,1,1
2025-09-26,02:46:24,5,3,7,2,Venezuela,1,3
2025-08-06,14:38:50,2,4,6,2,Brasil,1,2
2025-11-23,07:45:28,1,1,10,2,Argentina,3,3
2025-03-14,18:27:29,4,4,3,1,Argentina,2,2
2025-03-13,17:49:16,1,2,2,2,Chile,3,2
2025-03-04,06:54:40,2,4,9,1,Venezuela,2,3
2025-04-22,16:12:04,1,3,6,1,Chile,2,3
2025-06-25,10:19:02,1,3,8,2,Peru,3,3
2025-03-26,09:22:24,5,3,2,1,Ecuador,1,2
2025-01-02,10:47:39,5,4,10,1,Brasil,2,3
2025-10-03,19:47:04,3,2,1,1,Chile,3,2
2025-03-10,18:02:08,4,4,10,1,Argentina,1,3
2025-01-15,13:41:34,5,2,8,1,Ecuador,1,1
2025-07-25,09:19:12,1,1,2,2,Brasil,2,1
2025-12-23,00:41:56,3,1,10,1,Argentina,3,1
2025-09-22,01:22:33,4,3,4,1,Brasil,3,3
2025-09-29,05:00:55,3,3,4,1,Argentina,3,1
2025-05-04,09:18:18,4,2,5,2,Peru,1,2
2025-07-02,19:27:17,3,3,10,2,Brasil,3,3
2025-12-15,19:01:02,2,2,6,1,Chile,1,3
2025-07-10,17:53:25,4,3,5,1,Peru,3,1
2025-05-23,15:02:33,1,4,1,2,Chile,1,1
2025-03-22,06:56:09,5,3,3,1,Chile,2,2
2025-07-06,16:48:38,2,3,6,1,Chile,2,2
2025-11-08,23:53:46,4,2,9,2,Ecuador,3,2
2025-02-28,17:47:54,2,4,4,1,Chile,1,1
2025-06-02,14:03:11,2,1,7,2,Venezuela,3,1
2025-01-10,01:02:43,4,4,3,1,Argentina,3,3
2025-07-15,07:50:15,1,1,7,2,Chile,2,2
2025-06-21,22:22:21,2,1,6,1,Brasil,1,1
2025-04-23,01:09:20,3,1,8,1,Chile,2,3
2025-01-11,02:22:08,5,1,5,2,Ecuador,1,3
2025-03-29,17:50:27,5,3,5,2,Brasil,2,1
2025-10-13,06:36:54,1,4,5,2,Venezuela,1,2
2025-12-24,22:33:52,3,3,9,2,Brasil,3,3
2025-12-05,04:07:00,4,2,1,1,Argentina,1,1
2025-04-13,08:47:53,5,2,3,1,Chile,2,2
2025-05-06,15:16:01,3,2,5,1,Chile,1,1
2025-07-02,20:10:09,4,4,6,2,Ecuador,1,1
2025-03-29,16:54:15,5,4,2,2,Brasil,2,3
2025-11-18,21:31:03,5,4,9,1,Ecuador,1,3
2025-06-20,10:03:40,1,4,9,2,Brasil,3,1
2025-11-07,02:55:28,4,1,8,1,Venezuela,2,1
2025-10-10,03:55:05,5,1,2,1,Chile,3,1
2025-07-23,17:29:44,4,1,2,1,Venezuela,1,1
2025-02-08,18:26:00,5,3,2,2,Argentina,2,2
2025-01-17,15:33:21,5,3,7,1,Argentina,3,1
2025-07-20,11:58:05,1,3,8,1,Chile,3,1
2025-11-01,13:02:51,1,3,4,2,Chile,1,2
2025-11-18,15:41:51,5,2,8,1,Brasil,1,1
2025-05-11,11:32:28,1,1,5,1,Argentina,1,1
2025-07-02,00:47:50,4,4,9,2,Brasil,3,3
2025-07-24,18:38:57,2,1,8,1,Peru,3,3
2025-07-24,19:51:20,3,3,5,2,Peru,3,3
2025-11-03,21:35:46,5,1,6,1,Ecuador,3,2
2025-11-15,19:40:13,5,2,1,1,Peru,3,1
2025-05-04,05:47:07,2,2,4,1,Chile,3,2
2025-03-17,04:02:36,4,3,4,2,Brasil,2,3
2025-09-03,12:56:49,5,4,3,2,Chile,3,3
2025-06-18,02:13:41,4,1,5,2,Ecuador,3,1
2025-01-10,10:48:16,4,4,9,2,Argentina,3,2
2025-09-05,10:48:01,3,3,9,1,Venezuela,1,3
2025-02-15,23:14:40,2,3,4,2,Venezuela,2,3
2025-07-02,22:11:10,5,2,3,2,Chile,3,3
2025-02-02,23:17:00,2,1,10,1,Peru,3,1
2025-09-06,09:04:17,4,3,6,2,Ecuador,1,3
2025-03-23,18:37:37,4,1,1,2,Argentina,2,3
2025-08-18,21:34:20,5,2,1,1,Peru,2,2
2025-05-14,22:54:31,4,2,7,2,Venezuela,1,2
2025-09-01,23:19:09,3,2,7,2,Peru,1,3
2025-05-25,13:28:03,5,2,9,1,Argentina,3,1
2025-11-16,20:40:23,1,1,6,2,Brasil,2,3
2025-11-03,21:59:38,3,1,3,2,Venezuela,2,2
2025-12-13,20:39:05,5,2,5,2,Venezuela,1,3
2025-12-25,11:00:50,4,3,7,1,Peru,1,2
2025-03-02,17:36:15,1,2,4,2,Brasil,2,2
2025-03-27,16:27:21,5,2,4,2,Peru,2,1
2025-03-22,05:35:55,1,2,4,1,Ecuador,1,3
2025-04-08,22:26:28,1,2,10,2,Chile,2,2
2025-04-21,06:11:09,1,3,7,1,Argentina,1,3
2025-07-15,10:18:28,5,2,2,2,Brasil,1,2
2025-02-08,13:30:50,3,1,6,1,Chile,1,3
2025-08-12,06:13:00,3,2,6,1,Chile,3,2
2025-02-24,13:23:23,2,2,7,1,Chile,1,2
2025-01-24,14:25:08,3,2,3,1,Brasil,3,1
2025-01-16,12:26:28,1,4,1,2,Brasil,2,3
2025-07-21,02:59:30,1,3,6,1,Ecuador,1,2
2025-11-21,18:03:23,2,2,10,2,Brasil,2,2
2025-09-13,01:37:54,3,3,3,1,Chile,1,2
2025-02-20,12:40:07,1,2,5,2,Venezuela,3,1
2025-03-26,19:51:20,3,3,8,2,Venezuela,2,1
2025-11-04,23:47:41,5,2,9,1,Argentina,1,3
2025-06-07,19:44:31,5,3,3,2,Venezuela,2,3
2025-03-12,01:50:56,4,4,6,2,Venezuela,1,3
2025-02-12,07:06:53,5,4,7,1,Venezuela,1,2
2025-03-12,20:22:23,5,1,7,2,Ecuador,1,2
2025-03-05,12:13:18,5,4,8,2,Chile,2,3
2025-03-09,13:08:36,2,4,7,2,Argentina,2,3
2025-05-06,21:58:10,4,2,9,2,Peru,2,1
2025-04-02,01:02:53,1,2,10,1,Argentina,1,2
2025-03-10,17:26:20,4,2,3,2,Peru,1,3
2025-09-30,10:36:29,5,1,7,2,Peru,3,1
2025-12-29,22:28:58,4,1,2,1,Peru,2,3
2025-04-08,15:39:11,5,3,2,2,Venezuela,1,1
2025-08-06,01:33:09,2,4,1,1,Argentina,1,1
2025-08-15,10:41:51,4,3,3,2,Ecuador,1,2
2025-05-21,10:47:08,5,4,6,2,Argentina,1,3
2025-07-26,14:10:07,4,3,5,2,Chile,3,2
2025-03-23,09:14:14,3,3,6,2,Peru,1,1
2025-07-12,16:35:21,2,3,7,1,Peru,1,1
2025-01-26,19:31:14,5,3,1,1,Peru,3,1
2025-11-30,11:01:58,1,3,6,1,Brasil,1,2
2025-12-29,14:20:51,4,2,5,2,Argentina,1,1
2025-01-25,18:27:50,2,1,6,2,Peru,3,1
2025-12-08,10:19:59,3,1,3,1,Chile,2,3
2025-08-01,21:31:24,3,4,1,1,Ecuador,2,1
2025-12-25,03:14:04,1,1,4,2,Venezuela,3,3
2025-02-16,12:23:19,1,2,7,2,Argentina,1,1
2025-01-26,16:13:56,4,3,4,2,Brasil,1,3
2025-04-14,06:27:50,2,3,7,2,Ecuador,2,1
2025-06-10,17:25:40,4,4,1,2,Brasil,1,1
2025-06-23,17:42:19,3,3,7,2,Venezuela,2,3
2025-10-13,03:29:24,3,1,2,2,Venezuela,1,3
2025-10-18,10:22:07,2,1,5,2,Chile,3,2
2025-06-28,09:31:04,5,2,2,2,Peru,1,2
2025-05-16,06:54:52,4,2,6,2,Venezuela,3,2
2025-06-04,12:54:54,2,2,4,1,Venezuela,2,2
2025-07-25,15:24:04,5,3,9,2,Venezuela,1,2
2025-08-13,05:05:35,4,4,10,1,Peru,3,3
2025-03-31,18:29:03,2,3,8,2,Chile,3,3
2025-09-19,11:56:10,3,1,2,2,Chile,3,3
2025-07-14,17:58:52,2,2,5,2,Ecuador,3,2
2025-06-11,15:22:58,2,3,9,1,Argentina,2,1
2025-08-19,00:09:03,2,3,4,2,Peru,3,1
2025-11-19,00:34:56,4,3,6,1,Brasil,1,1
2025-08-25,22:59:09,3,3,3,2,Brasil,2,3
2025-05-27,08:05:56,3,1,3,1,Brasil,1,1
2025-01-11,04:13:42,5,3,8,1,Brasil,1,1
2025-12-15,13:21:08,1,1,8,2,Chile,2,1
2025-10-09,01:22:22,5,3,7,2,Ecuador,1,2
2025-02-20,05:42:17,4,4,4,2,Chile,3,2
2025-05-16,19:21:39,5,4,4,2,Venezuela,3,3
2025-04-01,01:56:55,3,4,6,2,Argentina,1,2
2025-06-01,15:06:36,2,2,5,1,Peru,2,2
2025-02-15,20:10:39,2,4,8,1,Argentina,1,3
2025-12-18,14:53:46,3,2,9,2,Peru,3,1
2025-08-29,17:20:43,5,3,2,2,Chile,3,2
2025-09-25,21:37:42,4,1,1,1,Brasil,3,1
2025-08-28,14:06:17,5,4,10,1,Peru,1,2
2025-06-02,22:48:26,1,4,8,1,Peru,1,2
2025-11-16,06:27:39,2,1,3,2,Peru,3,1
2025-10-21,00:57:52,4,4,9,2,Brasil,2,1
2025-05-21,00:44:54,3,2,7,2,Brasil,2,1
2025-06-14,02:15:41,3,3,3,2,Peru,1,1
2025-03-06,19:54:51,5,1,1,1,Ecuador,2,1
2025-09-17,14:34:20,3,2,7,1,Venezuela,3,2
2025-04-28,22:29:57,2,3,7,1,Brasil,3,3
2025-11-27,21:03:39,2,4,5,2,Chile,1,3
2025-10-16,08:02:26,1,1,2,2,Argentina,3,1
2025-05-13,01:10:08,3,2,1,1,Peru,1,3
2025-06-20,20:02:06,3,2,2,2,Brasil,1,3
2025-01-11,01:37:33,1,3,9,2,Peru,1,2
2025-01-16,04:49:02,1,4,5,2,Ecuador,1,1
2025-08-14,14:40:38,2,1,3,2,Brasil,3,1
2025-08-17,19:46:09,5,1,4,2,Venezuela,2,2
2025-07-05,23:16:20,4,1,2,2,Ecuador,3,2
2025-08-09,09:16:17,5,3,5,1,Ecuador,3,2
2025-04-04,22:00:39,3,1,1,1,Chile,1,1
2025-04-28,18:48:02,4,3,2,2,Chile,2,2
2025-01-23,12:17:33,5,4,8,1,Peru,2,1
2025-05-15,23:49:34,1,1,2,1,Ecuador,1,2
